{
  "model_used": "gpt-3.5-turbo",
  "has_real_llm": true,
  "num_tests": 5,
  "baseline_scores": [
    0.4029989937634177,
    0.5970477638128777,
    0.4634629144581124,
    0.7076249228860532,
    0.5022379687983274
  ],
  "multiagent_scores": [
    0.702246556092655,
    0.38647108802109,
    0.32318533190471316,
    0.6869933620930158,
    0.7135807638247298
  ],
  "avg_baseline_score": 0.5346745127437577,
  "avg_multiagent_score": 0.5624954203872408,
  "overall_improvement_percent": 5.203335296593099,
  "timestamp": 1750008779.5244777
}