{
  "model_used": "mock",
  "has_real_llm": false,
  "num_tests": 5,
  "baseline_scores": [
    0.4843255876935608,
    0.6648777737965592,
    0.7253704261827321,
    0.5614751459818674,
    0.32158542373709575
  ],
  "multiagent_scores": [
    0.45121209879356566,
    0.3776969581560309,
    0.6280490064948077,
    0.45588303349871817,
    0.3071368908683847
  ],
  "avg_baseline_score": 0.551526871478363,
  "avg_multiagent_score": 0.4439955975623014,
  "overall_improvement_percent": -19.497014466008693,
  "timestamp": 1751115048.248229
}