method,prompt,generated_text,humor_score,creativity_score,appropriateness_score,surprise_index,bleu_1,rouge_1,toxicity_score,generation_time,is_safe
CrewAI Multi-Agent,What's the worst part about adult life?,The existential dread of understanding that 's the worst part about adult life never actually ends,7.468009571082466,8.466317967629912,9.574872008286093,4.857142857142858,0.3125,0.36363636363636365,0.0,0.10119199752807617,True
Retrieval-Augmented,What's the worst part about adult life?,The reality: adult means dealing with retirement anxiety,6.9681900012448885,7.825468025748822,9.743433196830638,5.142857142857142,0.25,0.26666666666666666,0.0,1.4781951904296875e-05,True
Controlled Generation,What's the worst part about adult life?,The kind of thing that appropriately makes you question reality,7.169471941842924,7.14273545287996,8.280102933382674,5.071428571428571,0.1,0.11764705882352941,0.0,1.621246337890625e-05,True
Hybrid (R+C),What's the worst part about adult life?,The unexpectedly retirement truth about question and modern expectations,7.427234169603022,6.479092390030212,9.269462876942628,7.253968253968254,0.4444444444444444,0.5,0.0,0.05121898651123047,True
CrewAI Multi-Agent,What would grandma find disturbing?,The harsh reality that would grandma find disturbing involves expensive vegetables,7.442483531836773,7.351219879256423,8.512964821107374,4.245454545454546,0.09090909090909091,0.1111111111111111,0.0,0.1013028621673584,True
Retrieval-Augmented,What would grandma find disturbing?,Everyone discovers that life involves social expectations,8.32859693570665,7.912827806593269,8.446051920151792,5.857142857142858,0.14285714285714285,0.14285714285714285,0.0,1.0013580322265625e-05,True
Controlled Generation,What would grandma find disturbing?,Something respectfully concerning about the human condition,7.47167430841554,7.962817007508184,8.100685406410175,6.428571428571429,0.2857142857142857,0.2857142857142857,0.0,1.4781951904296875e-05,True
Hybrid (R+C),What would grandma find disturbing?,The unexpectedly social truth about human and modern expectations,7.807341798835925,7.244073443532314,9.44042437119275,8.11111111111111,0.4444444444444444,0.5,0.0,0.05121111869812012,True
